Date,Open,High,Low,Close,Volume
2024-07-19,39965.91,40212.9,39824.58,40063.79,
2024-07-18,40521.71,40587.63,40104.22,40126.35,1175661700.0
2024-07-17,41416.18,41466.45,41054.72,41097.69,1098754400.0
2024-07-16,41366.79,41520.07,41220.65,41275.08,1007741600.0
2024-07-12,41668.86,41754.76,41188.29,41190.68,1303586500.0
2024-07-11,42343.72,42426.77,42102.46,42224.02,1230396800.0
2024-07-10,41444.33,41889.16,41430.38,41831.99,1344314200.0
2024-07-09,40953.41,41769.35,40942.44,41580.17,1181927400.0
2024-07-08,40863.14,41112.24,40780.7,40780.7,1130177600.0
2024-07-05,41009.36,41100.13,40746.89,40912.37,1142341500.0
2024-07-04,40747.59,40971.23,40604.15,40913.65,1179936300.0
2024-07-03,40225.83,40694.21,40172.85,40580.76,1256457500.0
2024-07-02,39543.61,40113.48,39457.62,40074.69,1350506700.0
2024-07-01,39839.82,39942.69,39537.1,39631.06,1187806900.0
2024-06-28,39593.01,39783.7,39485.73,39583.08,1243441800.0
2024-06-27,39434.47,39439.24,39193.51,39341.54,1150281900.0
2024-06-26,39364.73,39788.63,39233.56,39667.07,1088836200.0
2024-06-25,38833.9,39215.07,38758.07,39173.15,1082542100.0
2024-06-24,38497.42,38905.47,38416.07,38804.65,934567500.0
2024-06-21,38608.66,38795.68,38532.13,38596.47,1408422000.0
2024-06-20,38410.32,38637.62,38263.08,38633.02,880451900.0
2024-06-19,38653.91,38797.97,38453.41,38570.76,936081600.0
2024-06-18,38433.48,38519.02,38332.89,38482.11,970822900.0
2024-06-17,38440.98,38442.7,37950.2,38102.44,1074894800.0
2024-06-14,38587.57,39025.7,38554.75,38814.56,1571162900.0
2024-06-13,39182.06,39252.44,38689.79,38720.47,1159251000.0
2024-06-12,38865.15,38945.99,38809.36,38876.71,1081606600.0
2024-06-11,39175.59,39336.66,39074.88,39134.79,933293200.0
2024-06-10,38689.78,39081.54,38689.78,39038.16,892254800.0
2024-06-07,38597.55,38747.27,38560.85,38683.93,962356200.0
2024-06-06,38841.66,39011.93,38693.5,38703.51,1189157000.0
2024-06-05,38654.09,38656.41,38343.98,38490.17,1193704000.0
2024-06-04,38702.54,38895.06,38591.79,38837.46,1178686600.0
2024-06-03,38734.95,39032.5,38734.95,38923.03,1158550100.0
2024-05-31,38173.22,38526.93,38087.61,38487.9,2110106500.0
2024-05-30,38112.77,38138.03,37617.0,38054.13,1173391500.0
2024-05-29,38880.5,39141.99,38524.24,38556.87,1239158100.0
2024-05-28,38879.15,38981.97,38756.13,38855.37,1012076300.0
2024-05-27,38766.21,38900.02,38667.93,38900.02,942391400.0
2024-05-24,38506.03,38740.82,38367.7,38646.11,963057200.0
2024-05-23,38803.13,39129.47,38617.43,39103.22,1077552000.0
2024-05-22,38823.91,38854.99,38592.94,38617.1,1055204000.0
2024-05-21,39232.16,39346.15,38942.28,38946.93,1067198900.0
2024-05-20,38761.71,39437.16,38703.7,39069.68,1274428900.0
2024-05-17,38561.04,38842.49,38539.56,38787.38,1333356900.0
2024-05-16,38645.96,38949.38,38513.33,38920.26,1579437500.0
2024-05-15,38533.09,38816.6,38335.61,38385.73,1462732900.0
2024-05-14,38287.99,38477.68,38084.71,38356.06,1432629000.0
2024-05-13,38211.61,38273.4,37969.58,38179.46,1287349900.0
2024-05-10,38361.79,38741.88,38126.91,38229.11,1673429800.0
2024-05-09,38242.92,38429.81,38072.24,38073.98,1185501100.0
2024-05-08,38677.57,38749.35,38159.85,38202.37,1201061600.0
2024-05-07,38636.23,38863.14,38541.97,38835.1,1152396100.0
2024-05-02,38004.01,38355.6,37958.19,38236.07,1019285200.0
2024-05-01,38107.38,38433.34,38036.24,38274.05,1085436900.0
2024-04-30,38312.66,38608.17,38182.11,38405.66,1514280900.0
2024-04-26,37725.61,38097.54,37550.7,37934.76,1248545400.0
2024-04-25,38065.91,38129.53,37604.23,37628.48,1138524100.0
2024-04-24,37871.92,38460.08,37857.47,38460.08,1211315900.0
2024-04-23,37797.06,37817.78,37397.27,37552.16,959271200.0
2024-04-22,37240.93,37511.8,37052.63,37438.61,1193656700.0
2024-04-19,37724.47,37749.48,36733.06,37068.35,1553636400.0
2024-04-18,37745.04,38216.75,37644.91,38079.7,1058032400.0
2024-04-17,38587.47,38587.61,37961.8,37961.8,1206440600.0
2024-04-16,38750.67,38764.82,38322.32,38471.2,1329565400.0
2024-04-15,39056.93,39232.8,38820.95,39232.8,1070153000.0
2024-04-12,39722.02,39774.82,39457.73,39523.55,1071271100.0
2024-04-11,39090.68,39473.48,39065.31,39442.63,1070020200.0
2024-04-10,39582.33,39708.7,39510.48,39581.81,974157800.0
2024-04-09,39496.95,39773.13,39476.13,39773.13,1059208200.0
2024-04-08,39391.98,39617.36,39197.0,39347.04,1083013500.0
2024-04-05,39237.39,39274.76,38774.24,38992.08,1295623800.0
2024-04-04,39928.33,40243.02,39773.14,39773.14,1451455000.0
2024-04-03,39503.72,39625.9,39217.04,39451.85,1231752000.0
2024-04-02,39892.59,40151.05,39707.87,39838.91,1157958300.0
2024-04-01,40646.7,40697.22,39706.45,39803.09,1345112200.0
2024-03-29,40277.45,40521.71,40268.11,40369.44,1219796000.0
2024-03-28,40324.42,40482.02,40054.06,40168.07,1356287300.0
2024-03-27,40517.17,40979.36,40452.21,40762.73,1213124100.0
2024-03-26,40345.04,40529.53,40280.85,40398.03,1013657500.0
2024-03-25,40798.96,40837.18,40414.12,40414.12,1014820700.0
2024-03-22,40942.88,41087.75,40714.14,40888.43,1360973800.0
2024-03-21,40511.55,40823.32,40452.19,40815.66,1571822800.0
2024-03-19,39622.58,40003.6,39407.5,40003.6,1346938500.0
2024-03-18,38960.99,39769.11,38935.47,39740.44,1287378600.0
2024-03-15,38548.16,38808.68,38519.94,38707.64,1670979600.0
2024-03-14,38591.73,38840.33,38400.17,38807.38,1110684100.0
2024-03-13,39059.95,39147.8,38452.57,38695.97,1053540900.0
2024-03-12,38470.39,38841.8,38271.38,38797.51,1129334400.0
2024-03-11,39232.14,39241.28,38496.66,38820.49,1329198100.0
2024-03-08,39809.56,39989.33,39551.6,39688.94,1433393400.0
2024-03-07,40331.06,40472.11,39518.4,39598.71,1371719700.0
2024-03-06,39792.37,40147.77,39769.04,40090.78,1129197400.0
2024-03-05,39881.73,40226.99,39840.34,40097.63,1152271800.0
2024-03-04,40201.76,40314.64,40001.55,40109.23,1194477600.0
2024-03-01,39254.69,39990.23,39224.64,39910.82,1227737800.0
2024-02-29,38935.53,39250.12,38876.81,39166.19,1659909100.0
2024-02-28,39189.22,39283.95,39075.47,39208.03,1199285300.0
2024-02-27,39260.78,39426.29,39113.03,39239.52,1190951500.0
2024-02-26,39320.64,39388.08,39181.03,39233.71,1256927200.0
2024-02-22,38508.07,39156.97,38508.07,39098.68,1229256700.0
2024-02-21,38191.97,38339.7,38095.15,38262.16,1047198500.0
2024-02-20,38510.37,38742.33,38288.04,38363.61,1084835500.0
2024-02-19,38473.41,38555.84,38281.7,38470.38,1020209500.0
2024-02-16,38517.37,38865.06,38361.55,38487.24,1517174400.0
2024-02-15,38017.83,38188.74,37935.36,38157.94,1299949600.0
2024-02-14,37712.87,37825.85,37594.47,37703.32,1202744700.0
2024-02-13,37248.36,38010.69,37184.1,37963.97,1405041400.0
2024-02-09,36915.44,37287.26,36807.03,36897.42,1467661200.0
2024-02-08,36258.84,36956.97,36206.2,36863.28,1509862600.0
2024-02-07,36002.99,36195.5,35854.63,36119.92,1265212600.0
2024-02-06,36249.08,36294.48,36065.98,36160.66,1346890000.0
2024-02-05,36419.34,36452.62,36213.0,36354.16,1305294300.0
2024-02-02,36249.99,36441.09,36083.61,36158.02,1148216200.0
2024-02-01,36008.56,36146.36,35924.6,36011.46,1181349500.0
2024-01-31,35759.55,36292.53,35704.58,36286.71,1110953100.0
2024-01-30,36196.64,36249.03,36039.31,36065.86,878993700.0
2024-01-29,35814.29,36186.87,35813.77,36026.94,955087900.0
2024-01-26,36003.0,36060.4,35687.58,35751.07,1096375500.0
2024-01-25,36213.14,36312.36,35912.54,36236.47,945903600.0
2024-01-24,36415.66,36471.39,36104.89,36226.48,1086274000.0
2024-01-23,36605.3,36984.51,36436.07,36517.57,1114940200.0
2024-01-22,36294.1,36571.8,36225.91,36546.95,1000024300.0
2024-01-19,35913.72,36076.23,35790.07,35963.27,1041182700.0
2024-01-18,35371.25,35728.09,35371.25,35466.17,1002855400.0
2024-01-17,35850.18,36239.22,35476.52,35477.75,1395160800.0
2024-01-16,35909.2,35955.68,35587.53,35619.18,1034464700.0
2024-01-15,35634.12,36008.23,35544.32,35901.79,1056762100.0
2024-01-12,35601.65,35839.65,35362.24,35577.11,1292269800.0
2024-01-11,34871.33,35157.56,34849.57,35049.86,1300586200.0
2024-01-10,33896.33,34539.02,33885.74,34441.72,1059849400.0
2024-01-09,33704.83,33990.28,33600.32,33763.18,1120661200.0
2024-01-05,33397.52,33568.04,33257.43,33377.42,1153316400.0
2024-01-04,33193.05,33299.39,32693.18,33288.29,1172838900.0
2023-12-29,33458.64,33652.71,33305.17,33464.17,890361000.0
2023-12-28,33477.47,33571.73,33411.24,33539.62,733097700.0
2023-12-27,33532.97,33755.75,33521.52,33681.24,936832600.0
2023-12-26,33295.68,33312.26,33181.36,33305.85,682656200.0
2023-12-25,33414.51,33414.51,33221.57,33254.03,589428900.0
2023-12-22,33257.95,33375.19,33151.7,33169.05,894128200.0
2023-12-21,33276.81,33337.84,33097.79,33140.47,955774300.0
2023-12-20,33467.32,33824.06,33467.32,33675.94,1179504200.0
2023-12-19,32774.21,33219.39,32654.43,33219.39,1063089500.0
2023-12-18,32769.23,32790.58,32541.23,32758.98,1068776800.0
2023-12-15,32760.56,33122.33,32732.66,32970.55,1410976700.0
2023-12-14,33032.3,33120.55,32515.04,32686.25,1333509700.0
2023-12-13,32973.47,33104.47,32864.38,32926.35,999523300.0
2023-12-12,33107.65,33172.13,32800.24,32843.7,980674200.0
2023-12-11,32665.09,32933.08,32650.1,32791.8,1057756000.0
2023-12-08,32600.47,32604.35,32205.38,32307.86,1441590000.0
2023-12-07,33165.72,33195.87,32814.69,32858.31,1051260100.0
2023-12-06,32928.92,33452.13,32914.09,33445.9,912044100.0
2023-12-05,33022.38,33089.82,32726.68,32775.82,860877700.0
2023-12-04,33318.07,33324.38,33023.04,33231.27,873018900.0
2023-12-01,33537.44,33551.57,33397.42,33431.51,875985100.0
2023-11-30,33260.14,33486.89,33161.07,33486.89,1521572000.0
2023-11-29,33244.43,33516.23,33179.07,33321.22,892289900.0
2023-11-28,33520.39,33545.85,33298.04,33408.39,840971300.0
2023-11-27,33710.03,33811.41,33397.04,33447.67,827176600.0
2023-11-24,33752.05,33817.86,33622.57,33625.53,806945800.0
2023-11-22,33182.99,33593.5,33182.99,33451.83,756229000.0
2023-11-21,33453.15,33460.32,33254.73,33354.14,919152200.0
2023-11-20,33559.62,33853.46,33352.69,33388.03,948797800.0
2023-11-17,33344.85,33599.63,33263.67,33585.2,932137000.0
2023-11-16,33399.59,33614.13,33233.84,33424.41,941901900.0
2023-11-15,33112.31,33556.52,33096.93,33519.7,1237757700.0
2023-11-14,32760.51,32836.27,32667.4,32695.93,880914900.0
2023-11-13,32818.15,32913.31,32499.28,32585.11,905949800.0
2023-11-10,32491.24,32598.93,32248.24,32568.11,1112712900.0
2023-11-09,32316.39,32723.71,32193.2,32646.46,1155451300.0
2023-11-08,32457.23,32512.17,32049.34,32166.48,1561834600.0
2023-11-07,32551.77,32591.11,32250.93,32271.82,1067055200.0
2023-11-06,32450.82,32766.54,32395.5,32708.48,1393639100.0
2023-11-02,31987.02,32087.13,31878.36,31949.89,1210666900.0
2023-11-01,31311.22,31601.65,31301.51,31601.65,1300571700.0
2023-10-31,30694.96,30973.66,30552.65,30858.85,1343477700.0
2023-10-30,30663.48,30762.5,30538.29,30696.96,1869959900.0
2023-10-27,30713.79,31081.48,30687.33,30991.69,891074500.0
2023-10-26,30902.92,30943.33,30567.61,30601.78,855527600.0
2023-10-25,31302.51,31466.92,31195.58,31269.92,786639800.0
2023-10-24,31157.01,31210.26,30551.67,31062.35,979025100.0
2023-10-23,31151.98,31177.41,30974.26,30999.55,735271200.0
2023-10-20,31164.89,31428.97,31093.9,31259.36,845409700.0
2023-10-19,31579.54,31669.42,31399.17,31430.62,807307500.0
2023-10-18,32033.81,32101.47,31866.95,32042.25,832032700.0
2023-10-17,32063.79,32260.77,31901.39,32040.29,756178300.0
2023-10-16,31983.04,31999.79,31564.31,31659.03,845123400.0
2023-10-13,32328.39,32533.08,32249.03,32315.99,915446600.0
2023-10-12,32120.94,32494.66,32120.94,32494.66,1005636500.0
2023-10-11,31847.1,32037.07,31804.09,31936.51,895066900.0
2023-10-10,31314.67,31818.26,31314.67,31746.53,1010284000.0
2023-10-06,31003.95,31160.45,30928.16,30994.67,945586500.0
2023-10-05,30733.65,31083.9,30565.32,31075.36,1141912200.0
2023-10-04,30765.03,30830.85,30487.67,30526.88,1371579800.0
2023-10-03,31607.97,31607.97,31157.4,31237.94,1096031800.0
2023-10-02,32101.97,32401.58,31759.88,31759.88,1048864500.0
2023-09-29,32018.64,32027.46,31717.74,31857.62,1320335900.0
2023-09-28,32119.37,32164.45,31674.42,31872.52,1159057200.0
2023-09-27,32023.37,32371.9,31960.32,32371.9,1055881300.0
2023-09-26,32640.05,32643.41,32315.05,32315.05,864558400.0
2023-09-25,32517.26,32722.22,32388.28,32678.62,821085400.0
2023-09-22,32189.32,32535.67,32154.53,32402.41,1097926500.0
2023-09-21,32865.56,32939.89,32550.65,32571.03,1078851000.0
2023-09-20,33261.35,33267.14,32988.65,33023.78,1134617600.0
2023-09-19,33296.23,33337.23,33128.86,33242.59,1171595900.0
2023-09-15,33428.44,33634.31,33391.46,33533.09,1665830900.0
2023-09-14,32925.54,33244.45,32851.24,33168.1,1121042100.0
2023-09-13,32742.29,32872.44,32616.65,32706.52,981452600.0
2023-09-12,32629.16,32799.69,32486.48,32776.37,939801600.0
2023-09-11,32690.54,32746.14,32391.69,32467.76,842193300.0
2023-09-08,32916.25,32920.43,32512.8,32606.84,1140516800.0
2023-09-07,33118.55,33322.45,32986.35,32991.08,1001681100.0
2023-09-06,33115.06,33282.15,33088.22,33241.02,941904600.0
2023-09-05,32941.41,33036.76,32784.32,33036.76,913445000.0
2023-09-04,32797.32,32939.18,32714.94,32939.18,895594600.0
2023-09-01,32521.15,32845.46,32499.44,32710.62,884327400.0
2023-08-31,32361.02,32692.76,32359.15,32619.34,1146024000.0
2023-08-30,32432.95,32557.45,32300.56,32333.46,891067500.0
2023-08-29,32280.57,32389.12,32186.57,32226.97,774842000.0
2023-08-28,31915.68,32205.48,31881.93,32169.99,699218000.0
2023-08-25,31840.91,31885.53,31572.06,31624.28,656795200.0
2023-08-24,32130.52,32297.91,32063.14,32287.21,733959100.0
2023-08-23,31717.91,32039.6,31717.91,32010.26,650504100.0
2023-08-22,31792.6,31906.1,31693.76,31856.71,701804200.0
2023-08-21,31552.85,31758.7,31409.86,31565.64,695107500.0
2023-08-18,31321.26,31644.89,31275.25,31450.76,748078600.0
2023-08-17,31621.98,31704.08,31309.68,31626.0,877123600.0
2023-08-16,31965.58,31997.28,31766.82,31766.82,848351100.0
2023-08-15,32372.53,32403.93,32217.52,32238.89,751178300.0
2023-08-14,32456.72,32613.99,32031.54,32059.91,955585500.0
2023-08-10,32015.96,32504.85,32015.96,32473.65,1079986300.0
2023-08-09,32346.32,32407.85,32175.64,32204.33,1044872700.0
2023-08-08,32430.61,32539.88,32238.59,32377.29,917844900.0
2023-08-07,31921.28,32306.87,31830.23,32254.56,941083100.0
2023-08-04,32019.06,32294.7,31934.35,32192.75,1066209600.0
2023-08-03,32375.85,32467.06,32142.25,32159.28,1203403900.0
2023-08-02,33123.12,33158.58,32628.29,32707.69,1242018500.0
2023-08-01,33292.31,33488.77,33203.88,33476.58,1107576100.0
2023-07-31,33128.83,33402.08,33025.93,33172.22,1342940800.0
2023-07-28,32444.42,32846.97,32037.55,32759.23,1705002700.0
2023-07-27,32523.69,32938.59,32503.69,32891.16,909018400.0
2023-07-26,32704.96,32724.25,32488.52,32668.34,851682700.0
2023-07-25,32705.39,32715.56,32509.94,32682.51,1010268700.0
2023-07-24,32648.14,32793.77,32554.46,32700.94,834980300.0
2023-07-21,32336.86,32462.44,32080.95,32304.25,793858600.0
2023-07-20,32803.35,32861.02,32462.86,32490.52,755997000.0
2023-07-19,32812.36,32896.03,32671.03,32896.03,818995400.0
2023-07-18,32457.18,32714.59,32338.3,32493.89,811117700.0
2023-07-14,32587.9,32780.63,32225.37,32391.26,902827600.0
2023-07-13,32106.05,32484.4,31952.98,32419.33,777770800.0
2023-07-12,32280.05,32312.03,31791.71,31943.93,883889600.0
2023-07-11,32434.67,32468.7,32084.42,32203.57,871600800.0
2023-07-10,32393.46,32558.98,32065.63,32189.73,1011654000.0
2023-07-07,32450.64,32730.25,32327.9,32388.42,1050562700.0
2023-07-06,33058.4,33079.45,32637.72,32773.02,1005548700.0
2023-07-05,33165.06,33389.22,33041.14,33338.7,951326200.0
2023-07-04,33512.26,33576.45,33338.78,33422.52,993713500.0
2023-07-03,33517.6,33762.81,33510.55,33753.33,953903000.0
2023-06-30,33068.36,33232.89,32918.77,33189.04,1112581300.0
2023-06-29,33306.84,33527.98,33185.2,33234.14,1178914900.0
2023-06-28,32807.84,33193.99,32642.87,33193.99,911142900.0
2023-06-27,32629.96,32689.1,32306.99,32538.33,795823600.0
2023-06-26,32647.08,32884.73,32392.72,32698.81,740739200.0
2023-06-23,33458.35,33533.47,32575.56,32781.54,1036405600.0
2023-06-22,33438.01,33641.46,33232.19,33264.88,946653500.0
2023-06-21,33200.63,33657.87,33154.68,33575.14,820003300.0
2023-06-20,33269.57,33474.74,33089.02,33388.91,824130300.0
2023-06-19,33768.69,33772.89,33231.56,33370.42,829084900.0
2023-06-16,33399.15,33772.76,33186.93,33706.08,1320441300.0
2023-06-15,33493.69,33767.13,33386.01,33485.49,1058175100.0
2023-06-14,33331.47,33665.52,33203.95,33502.42,1115542000.0
2023-06-13,32668.95,33127.36,32638.21,33018.65,894530100.0
2023-06-12,32412.12,32517.68,32280.54,32434.0,687045400.0
2023-06-09,31927.38,32304.04,31898.75,32265.17,1015282600.0
2023-06-08,31877.79,32035.95,31420.45,31641.27,860403600.0
2023-06-07,32618.78,32708.53,31913.74,31913.74,1119412300.0
2023-06-06,31988.37,32534.47,31933.87,32506.78,824786900.0
2023-06-05,31864.12,32217.43,31798.72,32217.43,988367900.0
2023-06-02,31300.72,31555.54,31257.01,31524.22,906562000.0
2023-06-01,30886.01,31185.05,30853.44,31148.01,950903500.0
2023-05-31,31057.09,31142.78,30785.98,30887.88,1845848500.0
2023-05-30,31196.24,31374.83,31064.19,31328.16,718453100.0
2023-05-29,31388.01,31560.43,31164.0,31233.54,783278700.0
2023-05-26,30909.61,31101.6,30864.49,30916.31,783488100.0
2023-05-25,30599.27,30889.98,30558.14,30801.13,839875400.0
2023-05-24,30728.69,30856.92,30566.83,30682.68,817090300.0
2023-05-23,31245.72,31352.53,30828.73,30957.77,921619800.0
2023-05-22,30735.71,31086.82,30689.27,31086.82,753937300.0
2023-05-19,30847.36,30924.57,30679.16,30808.35,805277100.0
2023-05-18,30432.54,30667.13,30381.9,30573.93,904857100.0
2023-05-17,29912.44,30115.32,29912.44,30093.59,930835700.0
2023-05-16,29838.01,29916.56,29779.07,29842.99,1073921100.0
2023-05-15,29547.04,29629.47,29475.97,29626.34,885873500.0
2023-05-12,29199.3,29426.06,29141.52,29388.3,1060843600.0
2023-05-11,29110.79,29165.59,29028.71,29126.72,822074300.0
2023-05-10,29189.41,29195.16,29070.11,29122.18,872759400.0
2023-05-09,29020.63,29262.36,29020.63,29242.82,863914600.0
2023-05-08,29095.46,29144.12,28931.81,28949.88,741494000.0
2023-05-02,29278.8,29278.8,29083.13,29157.95,639102200.0
2023-05-01,29058.05,29145.89,29016.83,29123.18,733682100.0
2023-04-28,28705.91,28879.24,28499.51,28856.44,1039590900.0
2023-04-27,28340.59,28459.73,28241.67,28457.68,735564600.0
2023-04-26,28478.52,28551.61,28319.77,28416.47,687055400.0
2023-04-25,28697.73,28806.69,28609.77,28620.07,593275400.0
2023-04-24,28631.78,28680.65,28567.24,28593.52,499527100.0
2023-04-21,28590.55,28778.37,28527.8,28564.37,613661800.0
2023-04-20,28472.0,28694.25,28442.45,28657.57,567419400.0
2023-04-19,28619.84,28677.22,28531.54,28606.76,580247000.0
2023-04-18,28567.54,28698.22,28520.76,28658.83,622725700.0
2023-04-17,28537.99,28599.75,28414.98,28514.78,580060300.0
2023-04-14,28321.54,28515.51,28282.82,28493.47,728949300.0
2023-04-13,27952.58,28163.87,27952.01,28156.97,598585200.0
2023-04-12,27985.93,28121.46,27983.97,28082.7,626839100.0
2023-04-11,27895.9,28068.39,27854.82,27923.37,648420000.0
2023-04-10,27658.52,27737.49,27597.18,27633.66,480314800.0
2023-04-07,27554.37,27591.15,27456.25,27518.31,491041200.0
2023-04-06,27589.14,27609.86,27427.66,27472.63,732029700.0
2023-04-05,28111.04,28133.57,27788.77,27813.26,743257400.0
2023-04-04,28213.93,28287.42,28139.12,28287.42,732692400.0
2023-04-03,28203.35,28258.91,28120.71,28188.15,750399000.0
2023-03-31,28009.22,28124.62,27986.62,28041.48,911488900.0
2023-03-30,27827.89,27876.38,27630.55,27782.93,820317100.0
2023-03-29,27549.37,27897.72,27505.48,27883.78,838235700.0
2023-03-28,27573.82,27603.45,27432.76,27518.25,663559800.0
2023-03-27,27482.39,27543.48,27359.72,27476.87,573975700.0
2023-03-24,27368.62,27397.29,27257.44,27385.25,595478200.0
2023-03-23,27232.97,27461.97,27175.63,27419.61,641296100.0
2023-03-22,27298.15,27520.97,27267.26,27466.61,780719800.0
2023-03-20,27253.73,27367.18,26945.67,26945.67,791909100.0
2023-03-17,27232.23,27356.15,27071.71,27333.79,1014837300.0
2023-03-16,26796.67,27057.54,26632.92,27010.61,1071079800.0
2023-03-15,27421.66,27424.94,27105.99,27229.48,866160600.0
2023-03-14,27455.95,27455.95,27104.75,27222.04,1257058100.0
2023-03-13,27886.21,27906.97,27631.53,27832.96,960567200.0
2023-03-10,28385.29,28424.24,28118.74,28143.97,1112609700.0
2023-03-09,28648.11,28734.79,28558.88,28623.15,723039900.0
2023-03-08,28237.21,28469.41,28232.68,28444.19,672152600.0
2023-03-07,28202.59,28398.27,28202.59,28309.16,697953100.0
2023-03-06,28182.31,28288.62,28153.82,28237.78,657288500.0
2023-03-03,27683.26,27961.21,27655.34,27927.47,782019900.0
2023-03-02,27564.82,27617.8,27408.54,27498.87,692864800.0
2023-03-01,27363.57,27530.76,27305.37,27516.53,697910700.0
2023-02-28,27515.34,27585.17,27400.36,27445.56,862860800.0
2023-02-27,27322.73,27456.22,27292.74,27423.96,593990000.0
2023-02-24,27144.72,27465.9,27128.32,27453.48,759907200.0
2023-02-22,27265.99,27300.53,27046.08,27104.32,747113800.0
2023-02-21,27486.09,27538.29,27359.12,27473.1,616281500.0
2023-02-20,27497.13,27531.94,27426.48,27531.94,624719300.0
2023-02-17,27484.6,27608.59,27466.61,27513.13,687914700.0
2023-02-16,27654.72,27727.66,27597.12,27696.44,681188600.0
2023-02-15,27686.01,27720.27,27444.13,27501.86,721036000.0
2023-02-14,27705.37,27721.82,27553.18,27602.77,558171400.0
2023-02-13,27550.35,27570.32,27266.94,27427.32,704415700.0
2023-02-10,27711.25,27814.02,27609.33,27670.98,888227100.0
2023-02-09,27453.4,27635.38,27424.69,27584.35,616892100.0
2023-02-08,27690.74,27719.45,27458.53,27606.46,689676400.0
2023-02-07,27744.9,27814.96,27662.11,27685.47,742623700.0
2023-02-06,27764.66,27821.22,27656.47,27693.65,884287000.0
2023-02-03,27455.03,27612.57,27445.69,27509.46,927984800.0
2023-02-02,27453.67,27472.44,27338.43,27402.05,732462700.0
2023-02-01,27483.41,27547.67,27322.79,27346.88,658488100.0
2023-01-31,27458.56,27494.17,27302.22,27327.11,745973100.0
2023-01-30,27384.77,27486.42,27337.25,27433.4,657639800.0
2023-01-27,27428.41,27452.67,27326.91,27382.56,715002600.0
2023-01-26,27444.64,27502.15,27284.08,27362.75,632731400.0
2023-01-25,27175.88,27473.9,27175.88,27395.01,633607100.0
2023-01-24,27150.43,27381.0,27150.43,27299.19,707666600.0
2023-01-23,26880.21,26938.28,26788.76,26906.04,601862000.0
2023-01-20,26346.69,26553.53,26320.96,26553.53,604419000.0
2023-01-19,26541.08,26592.87,26368.97,26405.23,687234700.0
2023-01-18,26251.34,26816.68,26211.84,26791.12,933670800.0
2023-01-17,25915.51,26198.69,25895.3,26138.68,680690800.0
2023-01-16,25836.67,25938.04,25748.1,25822.32,716694700.0
2023-01-13,26391.78,26409.21,26090.84,26119.52,982974300.0
2023-01-12,26524.94,26547.61,26381.93,26449.82,770274500.0
2023-01-11,26362.21,26479.99,26332.05,26446.0,623583100.0
2023-01-10,26176.61,26316.66,26132.8,26175.56,712464100.0
2023-01-06,25740.08,26034.06,25719.61,25973.85,681532300.0
2023-01-05,25825.5,25947.1,25750.46,25820.8,723092500.0
2023-01-04,25834.93,25840.68,25661.89,25716.86,833297500.0
2022-12-30,26288.0,26321.37,26067.92,26094.5,527361300.0
2022-12-29,26074.9,26126.7,25953.92,26093.67,631104500.0
2022-12-28,26309.34,26354.27,26199.67,26340.5,615226600.0
2022-12-27,26570.78,26620.49,26447.87,26447.87,501794900.0
2022-12-26,26299.54,26438.65,26294.85,26405.87,473132000.0
2022-12-23,26207.77,26291.98,26106.38,26235.25,756568000.0
2022-12-22,26552.43,26585.28,26399.31,26507.87,733658700.0
2022-12-21,26547.17,26616.28,26269.8,26387.72,1192484100.0
2022-12-20,27257.35,27339.49,26416.91,26568.03,1185263300.0
2022-12-19,27279.92,27349.58,27165.78,27237.64,581862600.0
2022-12-16,27706.7,27713.04,27488.83,27527.12,837502700.0
2022-12-15,27991.14,28163.17,27987.54,28051.7,510624700.0
2022-12-14,28005.03,28195.69,27993.78,28156.21,548321800.0
2022-12-13,28067.37,28116.56,27907.49,27954.85,519157500.0
2022-12-12,27741.1,27865.72,27734.66,27842.33,495848300.0
2022-12-09,27633.96,27952.8,27633.96,27901.01,701677300.0
2022-12-08,27622.3,27643.64,27415.66,27574.43,649273800.0
2022-12-07,27670.29,27786.25,27646.78,27686.4,630240900.0
2022-12-06,27704.06,27934.07,27698.31,27885.87,604461200.0
2022-12-05,27752.99,27854.11,27700.86,27820.4,638913300.0
2022-12-02,27983.18,27983.18,27664.07,27777.9,794224800.0
2022-12-01,28273.13,28423.46,28226.08,28226.08,714105700.0
2022-11-30,27886.67,27971.45,27804.73,27968.99,1066459800.0
2022-11-29,27991.5,28055.91,27900.2,28027.84,648165400.0
2022-11-28,28221.96,28237.97,28046.33,28162.83,645815600.0
2022-11-25,28398.77,28398.77,28263.6,28283.03,567693800.0
2022-11-24,28373.72,28501.51,28373.72,28383.09,838771500.0
2022-11-22,28059.51,28202.81,28038.16,28115.74,759457800.0
2022-11-21,27982.0,28006.36,27846.3,27944.79,564884800.0
2022-11-18,28009.82,28045.44,27877.78,27899.77,647537800.0
2022-11-17,27952.21,28029.62,27910.01,27930.57,588819700.0
2022-11-16,28020.49,28068.44,27743.15,28028.3,731797700.0
2022-11-15,27940.26,28037.44,27904.76,27990.17,712198200.0
2022-11-14,28277.64,28305.04,27963.47,27963.47,851385100.0
2022-11-11,27868.69,28325.8,27837.3,28263.57,1036906400.0
2022-11-10,27459.08,27485.38,27370.62,27446.1,770903400.0
2022-11-09,27884.55,27920.49,27688.95,27716.43,791493200.0
2022-11-08,27718.84,27942.7,27708.64,27872.11,843613800.0
2022-11-07,27373.32,27578.01,27357.8,27527.64,788709700.0
2022-11-04,27371.89,27389.3,27032.02,27199.74,1110542500.0
2022-11-02,27678.92,27692.04,27548.61,27663.39,865639700.0
2022-11-01,27614.64,27682.66,27526.61,27678.92,725979400.0
2022-10-31,27404.3,27602.99,27394.85,27587.46,711244200.0
2022-10-28,27097.38,27265.46,26981.08,27105.2,1445884500.0
2022-10-27,27407.23,27450.26,27340.2,27345.24,653914500.0
2022-10-26,27410.64,27578.05,27405.91,27431.84,610333500.0
2022-10-25,27113.2,27337.08,27073.5,27250.28,621687600.0
2022-10-24,27233.0,27305.52,26974.9,26974.9,590657600.0
2022-10-21,26903.5,26984.51,26869.38,26890.58,563049800.0
2022-10-20,26981.75,27092.55,26872.59,27006.96,603046000.0
2022-10-19,27225.17,27370.52,27192.79,27257.38,575635000.0
2022-10-18,27167.73,27229.88,26910.91,27156.14,660606900.0
2022-10-17,26785.02,26811.57,26651.08,26775.79,652805000.0
2022-10-14,26599.32,27180.16,26595.35,27090.76,823528400.0
2022-10-13,26398.29,26405.47,26237.42,26237.42,591591100.0
2022-10-12,26353.22,26495.75,26314.83,26396.83,688466500.0
2022-10-11,26757.12,26758.66,26369.56,26401.25,789255900.0
2022-10-07,26975.92,27198.83,26921.9,27116.11,666732000.0
2022-10-06,27137.98,27399.19,27137.98,27311.3,693713000.0
2022-10-05,27211.32,27216.8,27031.28,27120.53,732888600.0
2022-10-04,26653.49,26994.44,26633.52,26992.21,870616400.0
2022-10-03,25778.95,26223.84,25623.67,26215.79,807028900.0
2022-09-30,26240.0,26273.65,25805.59,25937.21,1012967200.0
2022-09-29,26280.5,26458.18,26221.78,26422.05,888842300.0
2022-09-28,26422.86,26516.32,25938.42,26173.98,929484000.0
2022-09-27,26585.38,26679.82,26523.77,26571.87,668151200.0
2022-09-26,26779.44,26779.44,26424.6,26431.55,964549700.0
2022-09-22,27053.58,27197.07,26955.58,27153.83,621759400.0
2022-09-21,27440.84,27466.02,27297.5,27313.13,654552500.0
2022-09-20,27788.68,27907.1,27627.86,27688.42,599694400.0
2022-09-16,27631.39,27652.44,27527.16,27567.65,815884600.0
2022-09-15,27873.96,27946.2,27801.44,27875.91,486657100.0
2022-09-14,28132.7,28141.39,27795.83,27818.62,708861600.0
2022-09-13,28556.21,28659.76,28534.63,28614.63,516685500.0
2022-09-12,28483.59,28612.89,28438.37,28542.11,504945200.0
2022-09-09,28204.71,28284.88,28093.26,28214.75,740420300.0
2022-09-08,27732.68,28083.79,27718.3,28065.28,751549400.0
2022-09-07,27546.01,27546.01,27268.7,27430.3,693555400.0
2022-09-06,27650.15,27813.78,27557.99,27626.51,463050400.0
2022-09-05,27567.29,27673.41,27512.67,27619.61,470660700.0
2022-09-02,27755.6,27772.37,27570.74,27650.84,587673500.0
2022-09-01,27797.0,27829.6,27589.7,27661.47,688537700.0
2022-08-31,27928.09,28104.59,27907.95,28091.53,861592300.0
2022-08-30,28086.72,28233.8,27944.27,28195.58,606584600.0
2022-08-29,28161.06,28177.7,27788.12,27878.96,640896100.0
2022-08-26,28639.47,28792.71,28624.7,28641.38,491248400.0
2022-08-25,28415.11,28534.71,28357.03,28479.01,536988600.0
2022-08-24,28481.34,28515.61,28282.21,28313.47,620058700.0
2022-08-23,28580.2,28580.2,28395.3,28452.75,556937300.0
2022-08-22,28654.07,28827.79,28591.84,28794.5,491547800.0
2022-08-19,29095.71,29150.8,28913.05,28930.33,484340100.0
2022-08-18,28957.4,28999.64,28846.79,28942.14,474121700.0
2022-08-17,28952.65,29222.77,28952.65,29222.77,665741200.0
2022-08-16,28829.53,28928.16,28752.88,28868.91,501287200.0
2022-08-15,28623.78,28897.07,28623.78,28871.78,536819200.0
2022-08-12,28251.74,28546.98,28207.86,28546.98,896361600.0
2022-08-10,27955.11,27964.96,27729.46,27819.33,599049900.0
2022-08-09,28236.84,28254.58,27966.91,27999.96,648878700.0
2022-08-08,28050.09,28276.44,28050.09,28249.24,661244200.0
2022-08-05,27915.06,28190.04,27911.19,28175.87,712532500.0
2022-08-04,27930.94,28005.09,27870.05,27932.2,831019100.0
2022-08-03,27673.0,27834.7,27635.92,27741.9,723339700.0
2022-08-02,27812.48,27830.58,27530.6,27594.73,718210200.0
2022-08-01,27813.82,27993.35,27751.59,27993.35,719464300.0
2022-07-29,27915.22,28001.8,27725.24,27801.64,793450800.0
2022-07-28,27909.15,28015.68,27651.99,27815.48,834648800.0
2022-07-27,27575.16,27772.97,27526.1,27715.75,510697500.0
2022-07-26,27682.2,27715.78,27539.05,27655.21,500287800.0
2022-07-25,27697.77,27848.59,27663.26,27699.25,465158600.0
2022-07-22,27773.14,27952.25,27701.25,27914.66,601362200.0
2022-07-21,27627.88,27803.0,27549.56,27803.0,567028100.0
2022-07-20,27295.95,27692.85,27295.95,27680.26,666583800.0
2022-07-19,27003.83,27042.44,26791.71,26961.68,594409800.0
2022-07-15,26736.08,26857.77,26572.55,26788.47,655438400.0
2022-07-14,26357.32,26711.78,26312.79,26643.39,606317500.0
2022-07-13,26403.79,26543.07,26391.82,26478.77,541279200.0
2022-07-12,26701.0,26718.67,26278.28,26336.66,644292500.0
2022-07-11,26892.73,27062.09,26710.59,26812.3,684833900.0
2022-07-08,26623.85,26881.75,26510.53,26517.19,892526800.0
2022-07-07,26280.94,26531.97,26138.83,26490.53,807013100.0
2022-07-06,26190.4,26297.98,26051.19,26107.65,897466000.0
2022-07-05,26386.23,26532.51,26295.07,26423.47,627956500.0
2022-07-04,26086.78,26258.86,25945.83,26153.81,687029500.0
2022-07-01,26460.71,26527.34,25841.75,25935.62,816718000.0
2022-06-30,26753.28,26753.28,26324.7,26393.04,861070200.0
2022-06-29,26814.23,26858.68,26689.37,26804.6,1011203600.0
2022-06-28,26795.68,27049.47,26789.5,27049.47,733592000.0
2022-06-27,26741.8,26938.43,26665.58,26871.27,657739000.0
2022-06-24,26228.42,26518.33,26148.56,26491.97,726412800.0
2022-06-23,26134.89,26401.97,26039.57,26171.25,656830000.0
2022-06-22,26441.72,26448.43,26149.55,26149.55,663691200.0
2022-06-21,26070.92,26418.64,25981.87,26246.31,653591400.0
2022-06-20,26156.62,26156.62,25520.23,25771.22,721764700.0
2022-06-17,25988.2,26072.35,25726.12,25963.0,1152110900.0
2022-06-16,26715.52,26947.7,26431.2,26431.2,678269900.0
2022-06-15,26625.68,26637.19,26321.68,26326.16,727413700.0
2022-06-14,26555.75,26656.04,26358.42,26629.86,750146000.0
2022-06-13,27369.66,27388.46,26949.6,26987.44,713586400.0
2022-06-10,27996.35,28044.45,27795.17,27824.29,797495200.0
2022-06-09,28189.35,28389.42,28189.35,28246.53,803036000.0
2022-06-08,28100.26,28234.29,28090.41,28234.29,786796900.0
2022-06-07,27984.79,28094.73,27863.71,27943.95,682518100.0
2022-06-06,27549.64,27979.54,27525.48,27915.89,567646500.0
2022-06-03,27660.62,27776.33,27614.86,27761.57,636778500.0
2022-06-02,27340.52,27450.47,27251.24,27413.88,636439200.0
2022-06-01,27295.63,27481.94,27295.63,27457.89,757603900.0
2022-05-31,27318.09,27456.68,27250.7,27279.8,1417868500.0
2022-05-30,27092.82,27401.24,27057.7,27369.43,969579000.0
2022-05-27,26947.8,26996.7,26731.6,26781.68,693125000.0
2022-05-26,26685.02,26895.9,26598.74,26604.84,645123400.0
2022-05-25,26711.53,26795.89,26578.05,26677.8,723401500.0
2022-05-24,27005.43,27005.43,26736.01,26748.14,674413300.0
2022-05-23,26991.42,27047.47,26832.65,27001.52,650270400.0
2022-05-20,26448.23,26769.2,26426.99,26739.03,763407800.0
2022-05-19,26435.32,26458.09,26186.66,26402.84,745043500.0
2022-05-18,26826.82,27053.18,26741.34,26911.2,746712900.0
2022-05-17,26555.23,26709.26,26442.91,26659.75,789287100.0
2022-05-16,26753.37,26836.96,26438.61,26547.05,869875300.0
2022-05-13,25918.8,26479.93,25913.49,26427.65,1038081800.0
2022-05-12,25945.04,26028.36,25688.11,25748.72,911681400.0
2022-05-11,26045.38,26290.21,26003.26,26213.64,858644900.0
2022-05-10,26149.06,26245.8,25776.74,26167.1,807620300.0
2022-05-09,26475.16,26497.36,26309.22,26319.34,795316200.0
2022-05-06,26784.29,27072.41,26543.29,27003.56,984983600.0
2022-05-02,26851.1,26964.59,26610.86,26818.53,745258500.0
2022-04-28,26430.28,26872.5,26349.28,26847.9,867037100.0
2022-04-27,26313.14,26406.62,26051.04,26386.63,973009600.0
2022-04-26,26743.21,26808.99,26590.78,26700.11,643276100.0
2022-04-25,26692.48,26764.48,26487.84,26590.78,626818200.0
2022-04-22,27197.8,27205.83,26908.35,27105.26,584653800.0
2022-04-21,27259.14,27580.64,27252.83,27553.06,623401300.0
2022-04-20,27210.79,27389.04,27066.18,27217.85,723363200.0
2022-04-19,27096.49,27098.86,26780.75,26985.09,605066600.0
2022-04-18,26831.45,26848.89,26571.38,26799.71,483498700.0
2022-04-15,26932.48,27201.17,26784.92,27093.19,515466300.0
2022-04-14,26925.64,27200.89,26890.68,27172.0,618415600.0
2022-04-13,26436.06,26885.87,26429.47,26843.49,716291100.0
2022-04-12,26453.37,26470.98,26304.08,26334.98,753175200.0
2022-04-11,26877.6,27004.5,26720.46,26821.52,734513100.0
2022-04-08,27097.05,27185.23,26764.36,26985.8,780646000.0
2022-04-07,27032.42,27042.18,26801.79,26888.57,711294300.0
2022-04-06,27533.88,27546.9,27215.2,27350.3,686520300.0
2022-04-05,27708.56,27809.34,27670.37,27787.98,642995100.0
2022-04-04,27670.45,27738.23,27626.77,27736.47,503455500.0
2022-04-01,27624.11,27734.54,27399.48,27665.98,667539000.0
2022-03-31,28050.5,28070.02,27808.17,27821.43,786423200.0
2022-03-30,28250.8,28271.01,27736.27,28027.25,834484000.0
2022-03-29,28173.43,28252.42,28063.92,28252.42,777009000.0
2022-03-28,28084.08,28084.08,27814.51,27943.89,652997500.0
2022-03-25,28338.81,28338.81,27947.75,28149.84,674027100.0
2022-03-24,27693.77,28110.39,27626.47,28110.39,716043300.0
2022-03-23,27606.79,28056.2,27604.37,28040.16,882008300.0
2022-03-22,27091.32,27284.47,27076.41,27224.11,979853700.0
2022-03-18,26649.5,26862.43,26592.98,26827.43,1081821100.0
2022-03-17,26170.38,26701.63,26152.89,26652.89,896413400.0
2022-03-16,25574.9,25824.14,25471.69,25762.01,823423000.0
2022-03-15,25228.53,25440.23,25221.26,25346.48,732023700.0
2022-03-14,25338.64,25629.26,25299.64,25307.85,725829100.0
2022-03-11,25495.03,25500.69,24966.5,25162.78,895950900.0
2022-03-10,25108.47,25719.74,25101.72,25690.4,952294400.0
2022-03-09,24876.49,25084.08,24697.66,24717.53,915253100.0
2022-03-08,24974.35,25286.27,24769.52,24790.95,1147420200.0
2022-03-07,25634.09,25634.09,25006.26,25221.41,1053767500.0
2022-03-04,26421.85,26421.85,25777.45,25985.47,935295900.0
2022-03-03,26628.87,26702.53,26502.5,26577.27,747893100.0
2022-03-02,26532.2,26585.3,26313.72,26393.03,877107100.0
2022-03-01,26836.74,27013.26,26821.75,26844.72,740236100.0
2022-02-28,26457.52,26643.68,26262.63,26526.82,910557100.0
2022-02-25,26213.2,26481.53,26162.81,26476.5,775798600.0
2022-02-24,26281.35,26357.58,25776.15,25970.82,935360800.0
2022-02-22,26515.45,26550.1,26246.27,26449.61,673108800.0
2022-02-21,26771.58,26993.09,26549.0,26910.87,529035600.0
2022-02-18,26895.16,27215.31,26792.86,27122.07,635334000.0
2022-02-17,27431.42,27437.57,27082.02,27232.87,677823700.0
2022-02-16,27269.05,27483.37,27227.24,27460.4,641243300.0
2022-02-15,27183.56,27205.2,26727.97,26865.19,761722300.0
2022-02-14,27305.92,27325.5,26949.79,27079.59,797744600.0
2022-02-10,27818.1,27877.02,27575.07,27696.08,828744300.0
2022-02-09,27488.65,27632.77,27405.88,27579.87,934778900.0
2022-02-08,27318.3,27461.33,27280.63,27284.52,766026900.0
2022-02-07,27327.63,27354.07,27088.1,27248.87,770960800.0
2022-02-04,27095.9,27455.98,27076.38,27439.99,796059900.0
2022-02-03,27330.96,27357.33,27166.2,27241.31,810742700.0
2022-02-02,27302.99,27564.62,27289.16,27533.6,852103800.0
2022-02-01,27167.14,27408.36,27017.57,27078.48,811318600.0
2022-01-31,26690.6,27133.38,26542.08,27001.98,782876300.0
2022-01-28,26429.85,26764.85,26289.69,26717.34,759867900.0
2022-01-27,27139.88,27187.97,26046.37,26170.3,887380500.0
2022-01-26,27105.98,27184.54,26858.68,27011.33,604684500.0
2022-01-25,27466.82,27488.13,26892.36,27131.34,769682100.0
2022-01-24,27258.45,27627.47,27203.5,27588.37,610186800.0
2022-01-21,27404.36,27586.42,27130.7,27522.26,727499500.0
2022-01-20,27401.43,27879.19,27218.78,27772.93,740209600.0
2022-01-19,27928.89,27958.17,27322.22,27467.23,842984000.0
2022-01-18,28451.34,28689.25,28131.21,28257.25,713133300.0
2022-01-17,28332.72,28449.18,28274.18,28333.52,544800000.0
2022-01-14,28246.99,28252.96,27890.69,28124.28,820674500.0
2022-01-13,28658.22,28660.45,28447.74,28489.13,698810800.0
2022-01-12,28449.53,28814.31,28430.35,28765.66,725477800.0
2022-01-11,28380.9,28471.73,28091.15,28222.48,737064600.0
2022-01-07,28711.53,28811.0,28293.7,28478.56,751712100.0
2022-01-06,29136.75,29158.95,28487.87,28487.87,715910200.0
2022-01-05,29288.8,29387.92,29204.45,29332.16,786258200.0
2022-01-04,29098.41,29323.79,28954.56,29301.79,660373200.0
2021-12-30,28794.24,28904.32,28579.49,28791.71,403887100.0
2021-12-29,28995.73,29106.07,28729.61,28906.88,447112200.0
2021-12-28,28953.32,29119.26,28881.44,29069.16,470404100.0
2021-12-27,28786.33,28805.03,28661.37,28676.46,374872200.0
2021-12-24,28836.05,28870.13,28773.5,28782.59,359085100.0
2021-12-23,28693.52,28798.37,28640.15,28798.37,435638200.0
2021-12-22,28614.06,28672.99,28474.02,28562.21,446534600.0
2021-12-21,28309.6,28533.74,28226.43,28517.59,557818000.0
2021-12-20,28325.46,28432.51,27893.18,27937.81,651767400.0
2021-12-17,28893.67,28904.94,28507.56,28545.68,844498000.0
2021-12-16,28868.37,29066.42,28782.37,29066.32,602662100.0
2021-12-15,28393.87,28515.25,28393.87,28459.72,558775700.0
2021-12-14,28554.86,28672.96,28311.26,28432.64,552497200.0
2021-12-13,28705.26,28793.32,28593.45,28640.49,535380800.0
2021-12-10,28542.5,28699.01,28393.78,28437.77,633615900.0
2021-12-09,28827.32,28908.29,28725.47,28725.47,543774000.0
2021-12-08,28792.89,28897.22,28621.47,28860.62,719881000.0
2021-12-07,28138.82,28617.71,27961.66,28455.6,782685100.0
2021-12-06,28069.96,28069.96,27693.91,27927.37,616864600.0
2021-12-03,27841.05,28029.57,27589.74,28029.57,719085400.0
2021-12-02,27716.2,27935.73,27644.96,27753.37,774195800.0
2021-12-01,27866.73,28106.24,27594.01,27935.62,808761700.0
2021-11-30,28611.73,28718.7,27819.14,27821.76,1406636200.0
2021-11-29,28337.96,28776.34,28187.12,28283.92,859116700.0
2021-11-26,29324.47,29332.99,28606.57,28751.62,728745800.0
2021-11-25,29469.65,29567.81,29444.54,29499.28,507120000.0
2021-11-24,29663.45,29751.85,29212.93,29302.66,695303700.0
2021-11-22,29618.55,29804.24,29542.29,29774.11,587707900.0
2021-11-19,29641.05,29768.54,29593.26,29745.87,655733600.0
2021-11-18,29597.93,29715.67,29403.4,29598.66,654090200.0
2021-11-17,29906.68,29908.59,29623.79,29688.33,639044800.0
2021-11-16,29749.71,29958.66,29681.25,29808.12,619847600.0
2021-11-15,29609.97,29861.88,29609.97,29776.8,604251200.0
2021-11-12,29381.45,29660.78,29277.86,29609.97,684044500.0
2021-11-11,29093.16,29331.74,29081.72,29277.86,605676800.0
2021-11-10,29207.7,29289.22,29080.52,29106.78,638903500.0
2021-11-09,29557.55,29750.38,29240.31,29285.46,650448400.0
2021-11-08,29735.45,29735.45,29507.05,29507.05,683466600.0
2021-11-05,29840.73,29840.73,29505.42,29611.57,735077300.0
2021-11-04,29859.74,29880.81,29718.78,29794.37,903998300.0
2021-11-02,29462.4,29599.39,29457.18,29520.9,711160900.0
2021-11-01,29330.68,29664.59,29271.03,29647.08,767309500.0
2021-10-29,28819.16,29000.24,28475.06,28892.69,1044784500.0
2021-10-28,28871.61,28894.52,28700.79,28820.09,1428089200.0
2021-10-27,29056.01,29139.22,28870.25,29098.24,705990000.0
2021-10-26,28927.61,29160.76,28895.79,29106.01,727762800.0
2021-10-25,28527.13,28666.2,28473.26,28600.41,626679600.0
2021-10-22,28578.53,28989.5,28547.24,28804.85,602059200.0
2021-10-21,29152.74,29220.72,28689.05,28708.58,591458200.0
2021-10-20,29385.95,29489.11,29222.32,29255.55,661082500.0
2021-10-19,29117.28,29272.49,29076.34,29215.52,576447900.0
2021-10-18,29093.82,29144.33,28925.32,29025.46,625648900.0
2021-10-15,28787.26,29082.35,28726.22,29068.63,663478700.0
2021-10-14,28264.41,28576.53,28235.87,28550.93,647531500.0
2021-10-13,28085.44,28364.99,27993.46,28140.28,639333000.0
2021-10-12,28458.88,28468.88,28166.38,28230.61,663191200.0
2021-10-11,27977.57,28581.36,27899.66,28498.2,722981600.0
2021-10-08,28031.37,28319.42,28020.44,28048.94,826656700.0
2021-10-07,27911.36,28015.11,27641.13,27678.21,795512000.0
2021-10-06,28033.91,28209.82,27293.62,27528.87,1001882800.0
2021-10-05,28050.39,28058.67,27460.66,27822.12,881941200.0
2021-10-04,29044.47,29044.47,28344.77,28444.89,764007300.0
2021-10-01,29235.11,29393.67,28680.73,28771.07,821613800.0
2021-09-30,29569.19,29622.27,29311.34,29452.66,990270300.0
2021-09-29,29611.92,29676.37,29332.29,29544.29,946521600.0
2021-09-28,30142.38,30206.76,30005.77,30183.96,898059700.0
2021-09-27,30277.82,30414.61,30197.4,30240.06,746356400.0
2021-09-24,30141.61,30276.38,30110.89,30248.81,845845200.0
2021-09-22,29744.73,29866.14,29573.88,29639.4,689911900.0
2021-09-21,30021.25,30051.0,29832.52,29839.71,763112500.0
2021-09-17,30491.58,30540.5,30453.49,30500.05,978602700.0
2021-09-16,30606.15,30622.39,30205.99,30323.34,698636700.0
2021-09-15,30408.13,30573.41,30347.3,30511.71,685556300.0
2021-09-14,30584.77,30795.78,30505.93,30670.1,790954300.0
2021-09-13,30372.02,30447.37,30230.67,30447.37,646296200.0
2021-09-10,30089.45,30381.84,30064.02,30381.84,888238900.0
2021-09-09,29959.21,30097.19,29909.92,30008.19,788045400.0
2021-09-08,29819.55,30241.87,29790.91,30181.21,825313500.0
2021-09-07,29883.92,30047.92,29838.43,29916.14,751542000.0
2021-09-06,29501.22,29704.42,29469.35,29659.89,682786200.0
2021-09-03,28626.48,29149.65,28607.87,29128.11,748758400.0
2021-09-02,28522.46,28626.2,28412.91,28543.51,601424400.0
2021-09-01,28179.04,28454.43,28179.04,28451.02,648036200.0
2021-08-31,27690.77,28158.5,27602.21,28089.54,758539300.0
2021-08-30,27867.6,27918.74,27656.63,27789.29,586304400.0
2021-08-27,27581.24,27670.16,27481.62,27641.14,492117000.0
2021-08-26,27793.63,27827.87,27684.5,27742.29,484909500.0
2021-08-25,27768.13,27897.61,27684.89,27724.8,514638700.0
2021-08-24,27653.23,27817.89,27653.23,27732.1,570723200.0
2021-08-23,27193.1,27541.63,27193.1,27494.24,567821600.0
2021-08-20,27238.45,27316.28,26956.17,27013.25,758033700.0
2021-08-19,27398.58,27504.8,27258.88,27281.17,651283500.0
2021-08-18,27418.08,27668.34,27347.77,27585.91,500506700.0
2021-08-17,27666.94,27750.39,27424.47,27424.47,495698500.0
2021-08-16,27806.11,27833.21,27429.12,27523.19,571879600.0
2021-08-13,28038.96,28069.67,27949.33,27977.15,558181400.0
2021-08-12,28177.2,28279.72,28006.69,28015.02,579364800.0
2021-08-11,28045.84,28145.2,27975.25,28070.51,671465300.0
2021-08-10,27887.03,28128.07,27808.54,27888.15,614308700.0
2021-08-06,27709.22,27888.87,27709.22,27820.04,563739200.0
2021-08-05,27526.67,27740.88,27526.67,27728.12,559202500.0
2021-08-04,27612.9,27636.32,27489.5,27584.08,675054200.0
2021-08-03,27580.03,27723.94,27492.4,27641.83,579446000.0
2021-08-02,27493.32,27834.41,27493.32,27781.02,600886700.0
2021-07-30,27677.89,27699.35,27272.49,27283.59,706422900.0
2021-07-29,27722.61,27798.05,27663.41,27782.42,677832300.0
2021-07-28,27674.99,27809.86,27466.99,27581.66,570860800.0
2021-07-27,27911.93,28036.2,27862.69,27970.22,516997200.0
2021-07-26,27990.47,28036.47,27789.35,27833.29,545421000.0
2021-07-21,27747.06,27880.34,27440.02,27548.0,514113600.0
2021-07-20,27351.8,27564.52,27330.24,27388.16,630098800.0
2021-07-19,27663.4,27792.52,27494.14,27652.74,498791000.0
2021-07-16,28039.26,28200.0,27847.35,28003.08,503831500.0
2021-07-15,28539.32,28571.72,28241.39,28279.09,532038800.0
2021-07-14,28517.31,28696.8,28482.82,28608.49,548272800.0
2021-07-13,28713.82,28852.31,28699.58,28718.24,497931900.0
2021-07-12,28412.7,28594.85,28411.04,28569.02,555422500.0
2021-07-09,27739.42,27999.59,27419.4,27940.42,823228300.0
2021-07-08,28332.63,28366.76,28118.03,28118.03,622200000.0
2021-07-07,28262.4,28434.99,28163.6,28366.95,603361100.0
2021-07-06,28677.95,28748.23,28587.61,28643.21,417423500.0
2021-07-05,28662.99,28665.92,28588.07,28598.19,384614400.0
2021-07-02,28719.24,28849.32,28688.63,28783.28,474716900.0
2021-07-01,28832.41,28832.61,28624.8,28707.04,458889900.0
2021-06-30,28896.31,28998.99,28779.76,28791.53,539680600.0
2021-06-29,28927.44,28950.5,28735.64,28812.61,597270300.0
2021-06-28,29112.66,29120.11,28984.93,29048.02,476817700.0
2021-06-25,29137.3,29174.17,28993.33,29066.18,515614400.0
2021-06-24,28811.82,28935.34,28758.37,28875.23,446190900.0
2021-06-23,28886.92,29007.83,28860.21,28874.89,510549800.0
2021-06-22,28513.07,28895.26,28495.26,28884.13,677734000.0
2021-06-21,28013.38,28015.79,27796.4,28010.93,758195300.0
2021-06-18,29136.74,29136.74,28957.98,28964.08,902160800.0
2021-06-17,29149.34,29195.0,28876.4,29018.33,568703600.0
2021-06-16,29306.14,29434.1,29263.72,29291.01,524099600.0
2021-06-15,29256.03,29480.85,29235.71,29441.3,530408900.0
2021-06-14,29153.11,29205.18,29027.26,29161.8,450302500.0
2021-06-11,29030.04,29080.89,28839.54,28948.73,710664400.0
2021-06-10,28799.74,29007.53,28799.74,28958.56,533387000.0
2021-06-09,28901.56,28930.85,28807.48,28860.8,503981200.0
2021-06-08,29046.03,29140.68,28897.72,28963.56,504183500.0
2021-06-07,28941.52,29238.48,28941.52,29019.24,509560300.0
2021-06-04,28901.42,28991.24,28765.54,28941.52,557890400.0
2021-06-03,28946.14,29152.9,28879.15,29058.11,585365100.0
2021-06-02,28792.51,29003.47,28565.83,28946.14,710023800.0
2021-06-01,28885.62,29075.47,28611.25,28814.34,473769700.0
2021-05-31,29019.45,29147.71,28791.6,28860.08,537879900.0
2021-05-28,28549.01,29194.11,28497.29,29149.41,805702000.0
2021-05-27,28543.32,28586.66,28360.56,28549.01,1382062500.0
2021-05-26,28396.62,28706.01,28396.62,28642.19,641630100.0
2021-05-25,28516.99,28576.41,28443.74,28553.98,539910400.0
2021-05-24,28212.32,28584.18,28212.32,28364.61,546708800.0
2021-05-21,28269.61,28411.0,28193.67,28317.83,586643900.0
2021-05-20,27875.5,28175.78,27833.41,28098.25,568200800.0
2021-05-19,28031.22,28215.66,27847.26,28044.45,686804800.0
2021-05-18,27800.96,28480.98,27800.96,28406.84,746557500.0
2021-05-17,28084.47,28311.16,27636.26,27824.83,638821700.0
2021-05-14,27462.6,28138.45,27448.01,28084.47,735398700.0
2021-05-13,28147.51,28223.3,27387.95,27448.01,804892100.0
2021-05-12,28608.59,28831.03,27889.82,28147.51,899923800.0
2021-05-11,29518.34,29518.34,28536.25,28608.59,731699500.0
2021-05-10,29376.89,29684.18,29350.35,29518.34,662982700.0
2021-05-07,29330.45,29449.86,29238.31,29357.82,675495300.0
2021-05-06,29024.01,29429.81,28966.47,29331.37,943036000.0
2021-04-30,28996.66,29046.49,28760.27,28812.63,783827700.0
2021-04-28,28935.51,29139.58,28875.91,29053.97,614226000.0
2021-04-27,29174.53,29174.53,28990.19,28991.89,594242100.0
2021-04-26,29095.49,29239.95,28896.37,29126.23,492020300.0
2021-04-23,29188.17,29188.17,28770.62,29020.63,474500900.0
2021-04-22,28508.55,29188.17,28508.55,29188.17,550711400.0
2021-04-21,29100.38,29100.38,28420.79,28508.55,709978300.0
2021-04-20,29677.35,29685.37,29014.36,29100.38,598821300.0
2021-04-19,29683.37,29804.16,29530.84,29685.37,446991900.0
2021-04-16,29789.08,29789.08,29622.37,29683.37,490827100.0
2021-04-15,29573.9,29787.51,29564.71,29642.69,506210500.0
2021-04-14,29718.06,29718.06,29567.18,29620.99,571694100.0
2021-04-13,29605.69,29897.11,29579.29,29751.61,548880000.0
2021-04-12,29874.43,29874.83,29538.73,29538.73,501944800.0
2021-04-09,29865.53,30062.38,29768.06,29768.06,648748900.0
2021-04-08,29675.88,29744.79,29516.42,29708.98,625994400.0
2021-04-07,29743.48,29867.32,29523.55,29730.79,615392500.0
2021-04-06,30208.89,30208.89,29665.86,29696.63,655220500.0
2021-04-05,30084.61,30194.03,30024.25,30089.25,553633300.0
2021-04-02,29704.66,29868.7,29704.66,29854.0,571987900.0
2021-04-01,29441.91,29584.55,29323.17,29388.87,756394900.0
2021-03-31,29278.33,29348.38,29165.52,29178.8,820050700.0
2021-03-30,29365.04,29477.56,29284.13,29432.7,820050700.0
2021-03-29,29452.98,29577.24,29201.1,29384.52,798777400.0
2021-03-26,29068.52,29240.74,28954.49,29176.7,1079480600.0
2021-03-25,28457.33,28821.83,28414.92,28729.88,736539100.0
2021-03-24,28765.55,28867.67,28379.54,28405.52,728186000.0
2021-03-23,29381.49,29492.99,28995.92,28995.92,959883400.0
2021-03-22,29444.1,29472.98,29107.63,29174.15,792029000.0
2021-03-19,29904.57,30049.54,29621.22,29792.05,788137200.0
2021-03-18,30148.48,30485.0,30049.56,30216.75,1285041600.0
2021-03-17,29836.83,29984.94,29825.43,29914.33,953909900.0
2021-03-16,29770.39,30026.4,29755.47,29921.09,746260400.0
2021-03-15,29804.5,29884.73,29673.08,29766.97,837534000.0
2021-03-12,29287.74,29744.32,29211.61,29717.83,940729400.0
2021-03-11,29033.92,29255.42,28995.9,29211.64,966358600.0
2021-03-10,29118.28,29233.47,28961.69,29036.56,784576600.0
2021-03-09,28748.87,29053.56,28609.21,29027.94,830156300.0
2021-03-08,29208.19,29255.9,28647.62,28743.25,967254000.0
2021-03-05,28725.48,28864.32,28309.08,28864.32,923781300.0
2021-03-04,29198.42,29277.19,28711.04,28930.11,857748600.0
2021-03-03,29482.12,29604.37,29336.6,29559.1,751881400.0
2021-03-02,29939.75,29994.01,29318.13,29408.17,688117300.0
2021-03-01,28966.01,29686.37,28966.01,29663.5,701345200.0
2021-02-26,29753.73,29760.31,28966.01,28966.01,626605000.0
2021-02-25,30077.27,30213.28,30044.43,30168.27,929340100.0
2021-02-24,30020.11,30088.14,29671.7,29671.7,700550100.0
2021-02-22,30281.78,30456.7,30089.43,30156.03,792896100.0
2021-02-19,29970.59,30169.59,29847.33,30017.92,628040000.0
2021-02-18,30311.98,30560.49,30140.01,30236.09,637493100.0
2021-02-17,30366.82,30398.2,30191.78,30292.19,779349200.0
2021-02-16,30229.46,30714.52,30192.75,30467.75,747806100.0
2021-02-15,29662.41,30090.73,29662.41,30084.15,812595300.0
2021-02-12,29635.88,29645.68,29418.61,29520.07,703364500.0
2021-02-10,29412.55,29562.93,29368.18,29562.93,797949300.0
2021-02-09,29435.61,29585.75,29352.73,29505.93,811098400.0
2021-02-08,28831.58,29397.57,28817.6,29388.5,868787900.0
2021-02-05,28631.46,28784.82,28549.24,28779.19,935735400.0
2021-02-04,28557.46,28597.53,28326.29,28341.95,931939900.0
2021-02-03,28482.71,28669.95,28402.3,28646.5,810883900.0
2021-02-02,28207.48,28376.2,28093.38,28362.17,839840700.0
2021-02-01,27649.07,28103.97,27649.07,28091.05,675372500.0
2021-01-29,28320.72,28320.72,27629.8,27663.39,656888900.0
2021-01-28,28169.27,28360.31,27981.05,28197.42,917379400.0
2021-01-27,28665.34,28752.0,28542.78,28635.21,1239280100.0
2021-01-26,28696.3,28740.71,28527.81,28546.18,690156300.0
2021-01-25,28698.89,28822.29,28566.85,28822.29,634874700.0
2021-01-22,28580.2,28697.32,28528.12,28631.45,573489700.0
2021-01-21,28710.41,28844.6,28677.61,28756.86,669452400.0
2021-01-20,28798.74,28800.23,28404.91,28523.26,676615600.0
2021-01-19,28405.49,28720.91,28376.84,28633.46,697918000.0
2021-01-18,28238.68,28348.86,28111.54,28242.21,581759100.0
2021-01-15,28777.47,28809.62,28477.79,28519.18,519145900.0
2021-01-14,28442.73,28978.58,28411.58,28698.26,741160200.0
2021-01-13,28140.1,28503.43,28139.66,28456.59,819132600.0
2021-01-12,28004.37,28287.37,27899.45,28164.34,708566600.0
2021-01-08,27720.14,28139.03,27667.75,28139.03,788398500.0
2021-01-07,27340.46,27624.73,27340.46,27490.13,848717900.0
2021-01-06,27102.85,27195.32,27002.18,27055.94,988563500.0
2021-01-05,27151.38,27278.93,27073.46,27158.63,726613600.0
2021-01-04,27575.57,27602.11,27046.32,27258.38,550010200.0
2020-12-30,27559.1,27568.58,27338.56,27444.17,515064700.0
2020-12-29,26936.38,27601.54,26924.06,27568.15,505872400.0
2020-12-28,26691.29,26854.03,26665.26,26854.03,594326100.0
2020-12-25,26708.1,26714.66,26639.5,26656.61,506674700.0
2020-12-24,26635.11,26764.53,26605.26,26668.35,333987300.0
2020-12-23,26580.43,26580.43,26415.45,26524.79,479327700.0
2020-12-22,26559.33,26639.99,26361.68,26436.39,560116600.0
2020-12-21,26834.1,26903.62,26533.7,26714.42,586447900.0
2020-12-18,26775.53,26819.76,26707.3,26763.39,607191800.0
2020-12-17,26744.5,26843.03,26676.89,26806.67,737837900.0
2020-12-16,26835.59,26874.98,26717.03,26757.4,614935600.0
2020-12-15,26683.11,26735.97,26605.54,26687.84,613305100.0
2020-12-14,26659.53,26870.47,26652.91,26732.44,593322600.0
2020-12-11,26732.85,26819.41,26553.01,26652.52,599611500.0
2020-12-10,26688.5,26852.35,26639.98,26756.24,748741500.0
2020-12-09,26526.34,26822.01,26526.34,26817.94,692459400.0
2020-12-08,26380.32,26522.65,26328.43,26467.08,618485500.0
2020-12-07,26894.25,26894.25,26503.44,26547.44,550564000.0
2020-12-04,26697.26,26799.7,26647.72,26751.24,615825900.0
2020-12-03,26740.3,26864.84,26721.18,26809.37,616224700.0
2020-12-02,26884.99,26884.99,26695.28,26800.98,694756100.0
2020-12-01,26624.2,26847.57,26618.39,26787.54,801851700.0
2020-11-30,26830.1,26834.2,26408.86,26433.62,732389000.0
2020-11-27,26530.28,26672.4,26420.61,26644.71,1476533900.0
2020-11-26,26255.47,26557.74,26255.47,26537.31,862270400.0
2020-11-25,26468.52,26706.42,26258.73,26296.86,635480400.0
2020-11-24,25901.45,26261.03,25901.45,26165.59,925225400.0
2020-11-20,25486.83,25555.37,25425.59,25527.37,817074700.0
2020-11-19,25628.73,25650.63,25475.29,25634.34,634288600.0
2020-11-18,25860.55,25872.78,25656.91,25728.14,820378500.0
2020-11-17,26043.45,26055.37,25851.54,26014.62,692441800.0
2020-11-16,25652.69,25928.18,25645.36,25906.93,848285600.0
2020-11-13,25405.64,25449.44,25215.31,25385.87,849357200.0
2020-11-12,25439.35,25587.96,25316.89,25520.88,775851100.0
2020-11-11,25145.66,25399.25,25145.66,25349.6,805327500.0
2020-11-10,25087.3,25279.94,24834.08,24905.59,1024655000.0
2020-11-09,24568.84,24962.8,24543.82,24839.84,1281684500.0
2020-11-06,24076.22,24388.81,24043.78,24325.23,670156600.0
2020-11-05,23776.2,24112.42,23760.2,24105.28,731903000.0
2020-11-04,23619.58,23801.88,23505.78,23695.23,786183900.0
2020-11-02,23110.74,23370.91,23096.79,23295.48,816066900.0
2020-10-30,23320.71,23320.71,22948.47,22977.13,697470700.0
2020-10-29,23170.76,23374.1,23170.76,23331.94,766808300.0
2020-10-28,23372.61,23451.03,23334.57,23418.51,575158900.0
2020-10-27,23376.96,23485.8,23245.45,23485.8,671404500.0
2020-10-26,23520.78,23572.6,23475.52,23494.34,526861800.0
2020-10-23,23558.71,23587.9,23469.32,23516.59,416948200.0
2020-10-22,23525.59,23555.78,23436.17,23474.27,492251400.0
2020-10-21,23615.52,23702.3,23611.33,23639.46,448662500.0
2020-10-20,23587.87,23674.87,23518.29,23567.04,533287900.0
2020-10-19,23543.69,23707.16,23543.69,23671.13,486736200.0
2020-10-16,23478.4,23538.74,23382.67,23410.63,462733400.0
2020-10-15,23548.45,23581.16,23458.43,23507.23,481266800.0
2020-10-14,23545.66,23656.57,23519.55,23626.73,483254900.0
2020-10-13,23667.9,23667.9,23490.95,23601.78,540236500.0
2020-10-12,23573.87,23589.95,23501.26,23558.69,471893300.0
2020-10-09,23713.86,23725.58,23552.73,23619.69,448938800.0
2020-10-08,23506.34,23701.77,23477.73,23647.07,560939800.0
2020-10-07,23351.35,23432.73,23350.52,23422.82,563453900.0
2020-10-06,23420.07,23440.8,23332.13,23433.73,520933900.0
2020-10-05,23254.28,23377.27,23252.69,23312.14,576639800.0
2020-10-02,23294.8,23364.23,22951.41,23029.9,594701800.0
2020-10-01,23184.93,23184.93,23184.93,23185.12,862927400.0
2020-09-30,23478.85,23521.85,23170.89,23185.12,882181200.0
2020-09-29,23410.5,23622.35,23350.33,23539.1,613479300.0
2020-09-28,23391.96,23516.04,23304.04,23511.62,819815900.0
2020-09-25,23217.33,23272.67,23154.77,23204.62,721750600.0
2020-09-24,23215.0,23233.76,23039.48,23087.82,705324800.0
2020-09-23,23245.89,23370.13,23154.45,23346.49,769615000.0
2020-09-18,23321.19,23398.46,23290.27,23360.3,826007000.0
2020-09-17,23416.62,23446.39,23274.31,23319.37,610983200.0
2020-09-16,23425.23,23506.45,23398.44,23475.53,630213900.0
2020-09-15,23438.83,23477.86,23351.61,23454.89,617626300.0
2020-09-14,23431.16,23582.21,23430.19,23559.3,654361500.0
2020-09-11,23114.63,23412.93,23114.63,23406.49,768964300.0
2020-09-10,23193.47,23250.31,23134.02,23235.47,675856200.0
2020-09-09,22966.89,23057.94,22878.71,23032.54,844317700.0
2020-09-08,23167.26,23277.66,23161.73,23274.13,621125500.0
2020-09-07,23145.47,23218.22,23087.68,23089.95,572772000.0
2020-09-04,23130.32,23257.66,23098.77,23205.43,593147800.0
2020-09-03,23524.49,23578.84,23426.33,23465.53,574654800.0
2020-09-02,23261.09,23287.4,23170.91,23247.15,526373800.0
2020-09-01,23089.63,23206.66,23048.03,23138.07,595681700.0
2020-08-31,23147.14,23341.38,23106.23,23139.76,809888800.0
2020-08-28,23232.3,23375.36,22610.59,22882.65,980828200.0
2020-08-27,23311.04,23323.07,23177.85,23208.86,526749800.0
2020-08-26,23257.05,23348.8,23203.24,23290.86,477898200.0
2020-08-25,23242.74,23429.39,23225.39,23296.77,752691600.0
2020-08-24,22913.2,23012.71,22862.54,22985.51,405885300.0
2020-08-21,22934.35,23036.26,22920.3,22920.3,511828300.0
2020-08-20,22969.76,22975.37,22852.29,22880.62,501836300.0
2020-08-19,22997.93,23149.85,22955.72,23110.61,500960900.0
2020-08-18,23097.8,23125.62,22949.3,23051.08,556297200.0
2020-08-17,23189.48,23247.4,23068.53,23096.75,435886300.0
2020-08-14,23323.92,23338.79,23222.93,23289.36,598152300.0
2020-08-13,23123.36,23316.63,23111.5,23249.61,848227700.0
2020-08-12,22747.44,22874.37,22670.74,22843.96,907654200.0
2020-08-11,22505.51,22760.87,22497.07,22750.24,993224200.0
2020-08-07,22433.78,22435.03,22204.61,22329.94,666931600.0
2020-08-06,22471.71,22587.75,22362.94,22418.15,626226700.0
2020-08-05,22479.72,22552.33,22358.36,22514.85,740042200.0
2020-08-04,22379.74,22602.44,22379.74,22573.66,891080900.0
2020-08-03,22173.33,22214.59,22117.74,22195.38,839731800.0
2020-07-31,22267.59,22295.05,21710.0,21710.0,1066153600.0
2020-07-30,22489.24,22506.55,22334.97,22339.23,777658100.0
2020-07-29,22468.93,22492.82,22366.34,22397.11,742586300.0
2020-07-28,22735.02,22841.39,22646.7,22657.38,677532400.0
2020-07-27,22495.95,22740.96,22430.61,22715.85,717615700.0
2020-07-22,22791.75,22855.31,22732.93,22751.61,653641800.0
2020-07-21,22789.38,22925.57,22789.35,22884.22,685610200.0
2020-07-20,22772.07,22786.86,22580.39,22717.48,500419400.0
2020-07-17,22807.57,22857.64,22644.31,22696.42,558647200.0
2020-07-16,22907.96,22925.9,22739.8,22770.36,894437400.0
2020-07-15,22817.91,22964.82,22800.11,22945.5,725699500.0
2020-07-14,22631.87,22674.99,22540.09,22587.01,609654400.0
2020-07-13,22591.81,22784.74,22561.47,22784.74,712467500.0
2020-07-10,22534.97,22563.37,22290.81,22290.81,788050200.0
2020-07-09,22442.3,22679.08,22436.58,22529.29,651672700.0
2020-07-08,22481.61,22665.74,22438.65,22438.65,649124400.0
2020-07-07,22649.9,22741.06,22541.0,22614.69,626637300.0
2020-07-06,22341.27,22734.11,22327.11,22714.44,580111700.0
2020-07-03,22242.56,22306.48,22156.94,22306.48,516774700.0
2020-07-02,22182.68,22266.84,22072.25,22145.96,735692200.0
2020-07-01,22338.3,22360.26,22039.56,22121.73,673597200.0
2020-06-30,22335.1,22447.8,22279.31,22288.14,741689200.0
2020-06-29,22255.05,22281.38,21969.97,21995.04,737157500.0
2020-06-26,22424.37,22589.14,22409.55,22512.08,666387400.0
2020-06-25,22287.87,22423.41,22165.14,22259.79,808200600.0
2020-06-24,22541.01,22663.29,22482.14,22534.32,669682200.0
2020-06-23,22636.06,22692.97,22257.87,22549.05,713104300.0
2020-06-22,22497.81,22575.74,22437.27,22437.27,545973000.0
2020-06-19,22515.75,22523.66,22352.16,22478.79,969596800.0
2020-06-18,22363.88,22431.64,22125.56,22355.46,652272500.0
2020-06-17,22517.14,22535.7,22318.07,22455.76,724821600.0
2020-06-16,21912.29,22622.84,21899.48,22582.21,1001134100.0
2020-06-15,22135.27,22251.83,21530.95,21530.95,785119700.0
2020-06-12,22082.12,22350.2,21789.07,22305.48,1205374700.0
2020-06-11,22848.02,22939.39,22466.54,22472.91,1058771400.0
2020-06-10,22939.0,23175.82,22901.69,23124.95,755834100.0
2020-06-09,23135.79,23185.85,22933.14,23091.03,914626200.0
2020-06-08,23121.98,23178.1,23028.62,23178.1,1084660000.0
2020-06-05,22613.08,22863.73,22565.45,22863.73,856148300.0
2020-06-04,22756.12,22778.67,22504.27,22695.74,919549200.0
2020-06-03,22649.01,22816.62,22463.16,22613.76,941363100.0
2020-06-02,22175.52,22401.79,22118.4,22325.61,778906000.0
2020-06-01,21910.89,22161.39,21898.99,22062.39,721657900.0
2020-05-29,21811.52,21955.44,21710.8,21877.89,1531900700.0
2020-05-28,21612.9,21917.43,21580.5,21916.31,1340312400.0
2020-05-27,21249.31,21473.68,21143.37,21419.23,1120168200.0
2020-05-26,20927.96,21327.86,20918.11,21271.17,871911300.0
2020-05-25,20653.41,20741.65,20584.06,20741.65,550881700.0
2020-05-22,20583.95,20615.12,20335.15,20388.16,711488200.0
2020-05-21,20692.59,20733.33,20505.42,20552.31,628629000.0
2020-05-20,20454.49,20684.46,20454.49,20595.15,717576200.0
2020-05-19,20469.52,20659.46,20433.45,20433.45,929846900.0
2020-05-18,20122.44,20196.77,20093.2,20133.73,718995600.0
2020-05-15,20149.79,20198.25,19832.88,20037.47,751686800.0
2020-05-14,20140.49,20185.0,19904.46,19914.78,769069400.0
2020-05-13,20140.92,20329.27,20056.46,20267.05,795084000.0
2020-05-12,20413.23,20457.37,20294.71,20366.48,676674500.0
2020-05-11,20494.03,20534.88,20390.66,20390.66,761761100.0
2020-05-08,19991.58,20179.09,19952.64,20179.09,822091200.0
2020-05-07,19468.52,19720.78,19448.93,19674.77,828637400.0
2020-05-01,19991.97,19999.26,19551.73,19619.35,866435700.0
2020-04-30,20105.68,20365.89,20084.83,20193.69,1034414900.0
2020-04-28,19776.18,19841.78,19638.48,19771.19,685789600.0
2020-04-27,19410.84,19818.5,19410.18,19783.22,775758100.0
2020-04-24,19331.86,19352.24,19175.91,19262.0,847021600.0
2020-04-23,19313.04,19429.44,19221.54,19429.44,725803300.0
2020-04-22,19109.18,19137.95,18858.25,19137.95,764031100.0
2020-04-21,19479.83,19529.06,19193.22,19280.78,794355500.0
2020-04-20,19689.85,19781.68,19615.06,19669.12,650056800.0
2020-04-17,19575.85,19918.87,19554.9,19897.26,878434600.0
2020-04-16,19311.3,19362.17,19155.46,19290.2,814484400.0
2020-04-15,19589.25,19659.47,19476.34,19550.09,940973900.0
2020-04-14,19150.3,19705.99,19098.52,19638.81,818776500.0
2020-04-13,19312.04,19354.5,19015.5,19043.4,656321900.0
2020-04-10,19500.07,19500.07,19236.26,19498.5,874941000.0
2020-04-09,19376.0,19402.49,19162.04,19345.77,822667600.0
2020-04-08,19047.76,19448.78,18730.8,19353.24,1059482100.0
2020-04-07,18878.86,19162.35,18553.44,18950.18,1081923500.0
2020-04-06,17857.99,18672.26,17802.62,18576.3,1056500000.0
2020-04-03,17951.44,18056.82,17646.5,17820.19,959832500.0
2020-04-02,17934.42,18130.57,17707.94,17818.72,1072791300.0
2020-04-01,18686.12,18783.22,17871.62,18065.41,1057750900.0
2020-03-31,19181.9,19334.52,18834.16,18917.01,1221877100.0
2020-03-30,18884.07,19084.97,18578.34,19084.97,1209841100.0
2020-03-27,19021.97,19389.43,18832.21,19389.43,1488888200.0
2020-03-26,19234.77,19238.67,18512.81,18664.6,1281038400.0
2020-03-25,18446.8,19564.38,18446.8,19546.63,1476925700.0
2020-03-24,17206.88,18098.85,17199.98,18092.35,1472513300.0
2020-03-23,16570.57,17049.03,16483.16,16887.78,1702716800.0
2020-03-19,16995.77,17158.53,16358.2,16552.83,1988559400.0
2020-03-18,17154.08,17396.84,16698.46,16726.55,1772187500.0
2020-03-17,16726.95,17557.04,16389.11,17011.53,1987638600.0
2020-03-16,17586.08,17771.4,16914.45,17002.04,1580714700.0
2020-03-13,18183.47,18184.46,16690.6,17431.05,2334061300.0
2020-03-12,19064.51,19139.14,18339.84,18559.63,1645960300.0
2020-03-11,19721.68,19974.83,19392.92,19416.06,1292294100.0
2020-03-10,19474.89,19967.42,18892.85,19867.12,1646669900.0
2020-03-09,20343.31,20347.05,19472.26,19698.76,1702816100.0
2020-03-06,21009.8,21061.2,20613.91,20749.75,1117265000.0
2020-03-05,21399.87,21399.87,21220.76,21329.12,857310900.0
2020-03-04,20897.2,21245.48,20862.05,21100.06,946262600.0
2020-03-03,21651.99,21719.34,21082.73,21082.73,1053374800.0
2020-03-02,20849.79,21589.11,20835.73,21344.08,1237307400.0
2020-02-28,21518.01,21525.12,20916.4,21142.96,1484857200.0
2020-02-27,22255.83,22270.51,21844.46,21948.23,1062165100.0
2020-02-26,22374.14,22456.55,22127.67,22426.19,993403400.0
2020-02-25,22949.37,22949.48,22336.43,22605.41,1058393500.0
2020-02-21,23427.77,23588.55,23379.81,23386.74,620668800.0
2020-02-20,23666.58,23806.56,23426.42,23479.15,632707600.0
2020-02-19,23329.33,23467.81,23238.98,23400.7,615892700.0
2020-02-18,23398.57,23401.14,23133.64,23193.8,595037100.0
2020-02-17,23489.78,23687.59,23341.66,23523.24,540376400.0
2020-02-14,23714.52,23738.42,23604.09,23687.59,691046300.0
2020-02-13,23849.76,23908.85,23784.31,23827.73,645166400.0
2020-02-12,23741.21,23869.36,23693.72,23861.21,746482500.0
2020-02-10,23631.79,23788.23,23625.24,23685.98,565473300.0
2020-02-07,23901.45,23943.45,23759.42,23827.98,653615000.0
2020-02-06,23641.1,23994.97,23625.65,23873.59,950797300.0
2020-02-05,23351.47,23414.11,23241.64,23319.56,703366800.0
2020-02-04,22881.13,23113.85,22854.45,23084.59,679445800.0
2020-02-03,22874.27,23021.93,22775.92,22971.94,725327500.0
2020-01-31,23148.92,23421.59,23141.6,23205.18,753660200.0
2020-01-30,23284.58,23318.57,22893.08,22977.75,695560800.0
2020-01-29,23309.32,23392.61,23214.67,23379.4,549198400.0
2020-01-28,23126.93,23241.0,23115.15,23215.71,643739400.0
2020-01-27,23427.9,23463.89,23321.65,23343.51,624169500.0
2020-01-24,23850.12,23869.3,23755.94,23827.18,486584700.0
2020-01-23,23843.51,23909.94,23779.23,23795.44,555113500.0
2020-01-22,23840.64,24040.87,23837.05,24031.35,489705800.0
2020-01-21,24072.81,24080.19,23843.6,23864.56,445890600.0
2020-01-20,24088.39,24107.84,24061.67,24083.51,382873800.0
2020-01-17,24103.45,24115.95,24013.75,24041.26,593805900.0
2020-01-16,23960.2,23975.38,23905.38,23933.13,553626700.0
2020-01-15,23923.48,23997.39,23876.06,23916.58,571553500.0
2020-01-14,23969.04,24056.97,23951.66,24025.17,642326800.0
2020-01-10,23813.28,23902.49,23761.71,23850.57,558610400.0
2020-01-09,23530.29,23767.02,23512.64,23739.87,621912400.0
2020-01-08,23217.49,23303.21,22951.46,23204.76,794100900.0
2020-01-07,23321.7,23577.01,23299.99,23575.72,642505100.0
2020-01-06,23319.76,23365.36,23148.53,23204.86,728304300.0
2019-12-30,23781.15,23782.3,23656.62,23656.62,415899400.0
2019-12-27,23953.75,23966.14,23837.72,23837.72,448494800.0
2019-12-26,23787.7,23931.42,23776.91,23924.92,403424900.0
2019-12-25,23822.69,23823.61,23782.87,23782.87,315893400.0
2019-12-24,23839.18,23853.56,23796.35,23830.58,379313900.0
2019-12-23,23916.65,23920.61,23812.2,23821.11,451637200.0
2019-12-20,23893.45,23906.19,23747.09,23816.63,703186100.0
2019-12-19,23911.46,23945.01,23835.29,23864.85,556388000.0
2019-12-18,24023.27,24046.01,23920.03,23934.43,662677200.0
2019-12-17,24074.94,24076.0,24004.92,24066.12,639959600.0
2019-12-16,23955.2,24036.3,23950.31,23952.35,533157800.0
2019-12-13,23798.27,24050.04,23775.73,24023.1,1154867600.0
2019-12-12,23449.28,23467.82,23360.43,23424.81,562953500.0
2019-12-11,23420.32,23438.43,23333.63,23391.86,613409000.0
2019-12-10,23372.39,23448.87,23336.97,23410.19,527599200.0
2019-12-09,23544.31,23544.31,23360.01,23430.7,558343700.0
2019-12-06,23347.67,23412.48,23339.29,23354.4,543923300.0
2019-12-05,23292.7,23362.61,23259.82,23300.09,614398200.0
2019-12-04,23186.74,23203.77,23044.78,23135.23,581240600.0
2019-12-03,23231.14,23388.18,23190.88,23379.81,588143100.0
2019-12-02,23388.63,23562.05,23379.24,23529.5,477247000.0
2019-11-29,23497.44,23498.77,23273.37,23293.91,520899200.0
2019-11-28,23458.88,23482.32,23368.32,23409.14,447836500.0
2019-11-27,23452.85,23507.31,23419.36,23437.77,521840600.0
2019-11-26,23451.4,23595.87,23350.1,23373.32,942772600.0
2019-11-25,23292.85,23347.18,23255.4,23292.81,503462700.0
2019-11-22,23030.33,23218.48,23030.33,23112.88,555813500.0
2019-11-21,23071.49,23107.95,22727.48,23038.58,698009100.0
2019-11-20,23176.49,23303.17,23086.31,23148.57,657193900.0
2019-11-19,23366.36,23389.53,23244.93,23292.65,642305300.0
2019-11-18,23304.25,23418.87,23272.12,23416.76,573003100.0
2019-11-15,23160.53,23340.76,23121.91,23303.32,721797300.0
2019-11-14,23325.5,23357.99,23062.16,23141.55,799022400.0
2019-11-13,23439.25,23452.63,23270.93,23319.87,634084500.0
2019-11-12,23331.84,23544.19,23312.25,23520.01,629779200.0
2019-11-11,23391.87,23471.82,23323.02,23331.84,615314400.0
2019-11-08,23550.04,23587.98,23315.57,23391.87,945634000.0
2019-11-07,23283.14,23335.81,23253.32,23330.32,709132900.0
2019-11-06,23343.51,23352.56,23247.41,23303.82,774062900.0
2019-11-05,23118.79,23328.52,23090.94,23251.99,1021394800.0
2019-11-01,22730.49,22851.64,22707.39,22850.77,654068600.0
2019-10-31,22910.1,22987.62,22876.15,22927.04,783150900.0
2019-10-30,22953.17,22960.73,22829.52,22843.12,1015704900.0
2019-10-29,22950.79,23008.43,22935.35,22974.13,728983300.0
2019-10-28,22854.44,22896.22,22832.21,22867.27,481226900.0
2019-10-25,22753.24,22819.31,22716.55,22799.81,571580400.0
2019-10-24,22725.44,22780.99,22704.33,22750.6,612705800.0
2019-10-23,22619.77,22648.49,22458.1,22625.38,680221100.0
2019-10-21,22541.22,22580.32,22517.86,22548.9,484203500.0
2019-10-18,22528.56,22649.35,22466.59,22492.68,592377100.0
2019-10-17,22451.15,22522.09,22424.92,22451.86,578285800.0
2019-10-16,22479.57,22611.16,22434.35,22472.92,787212900.0
2019-10-15,21798.87,22219.41,21798.87,22207.21,744614400.0
2019-10-11,21749.93,21820.58,21658.27,21798.87,673992500.0
2019-10-10,21456.27,21601.46,21308.88,21551.98,599286300.0
2019-10-09,21359.84,21467.77,21359.84,21456.38,554124900.0
2019-10-08,21494.48,21628.95,21485.05,21587.78,607852200.0
2019-10-07,21445.73,21475.28,21328.72,21375.25,474432700.0
2019-10-04,21316.18,21410.2,21276.01,21410.2,577496600.0
2019-10-03,21422.22,21433.46,21282.28,21341.74,677106700.0
2019-10-02,21744.62,21795.01,21725.23,21778.61,633258000.0
2019-10-01,21831.44,21938.6,21812.94,21885.24,623263700.0
2019-09-30,21793.83,21811.42,21666.6,21755.84,698594800.0
2019-09-27,21934.93,21955.56,21733.71,21878.9,763944200.0
2019-09-26,22145.13,22184.05,21986.24,22048.24,816311600.0
2019-09-25,21961.82,22035.83,21906.15,22020.15,616056300.0
2019-09-24,22095.35,22168.52,22081.42,22098.84,683763200.0
2019-09-20,22130.74,22204.75,22047.9,22079.09,850325700.0
2019-09-19,22064.46,22253.97,22006.88,22044.45,781599200.0
2019-09-18,22024.11,22027.86,21942.03,21960.71,693981600.0
2019-09-17,21947.59,22041.08,21878.72,22001.32,815236000.0
2019-09-13,21907.83,22019.66,21820.94,21988.29,1163181000.0
2019-09-12,21761.09,21825.92,21744.82,21759.61,960342100.0
2019-09-11,21466.66,21619.21,21437.82,21597.76,1101417600.0
2019-09-10,21363.57,21437.32,21350.35,21392.1,923747300.0
2019-09-09,21214.56,21333.47,21182.26,21318.42,578109300.0
2019-09-06,21201.83,21240.48,21145.81,21199.57,710960000.0
2019-09-05,20800.29,21164.51,20787.93,21085.94,829634900.0
2019-09-04,20578.67,20694.35,20554.96,20649.14,515282800.0
2019-09-03,20581.58,20662.23,20579.18,20625.16,453516500.0
2019-09-02,20625.75,20667.56,20614.73,20620.19,423990000.0
2019-08-30,20641.49,20748.34,20633.38,20704.37,719953900.0
2019-08-29,20500.5,20518.36,20361.12,20460.93,550709000.0
2019-08-28,20474.31,20511.21,20433.94,20479.42,514888300.0
2019-08-27,20457.51,20529.33,20439.92,20456.08,607846200.0
2019-08-26,20325.44,20329.01,20173.76,20261.04,698507100.0
2019-08-23,20597.12,20719.14,20597.12,20710.91,507022600.0
2019-08-22,20706.07,20731.19,20584.29,20628.01,546330300.0
2019-08-21,20489.97,20626.05,20482.89,20618.57,529844100.0
2019-08-20,20607.45,20682.89,20582.62,20677.22,501324700.0
2019-08-19,20580.69,20633.9,20502.66,20563.16,505707200.0
2019-08-16,20320.12,20465.06,20301.92,20418.81,584388000.0
2019-08-15,20324.25,20419.18,20184.85,20405.65,681688700.0
2019-08-14,20669.99,20696.78,20581.17,20655.13,609364000.0
2019-08-13,20432.68,20503.38,20370.37,20455.44,729378100.0
2019-08-09,20705.92,20782.06,20676.96,20684.82,657213200.0
2019-08-08,20529.29,20681.16,20462.98,20593.35,667819800.0
2019-08-07,20548.07,20570.19,20406.8,20516.56,758843600.0
2019-08-06,20325.52,20607.36,20110.76,20585.31,925436000.0
2019-08-05,20909.98,20940.91,20516.09,20720.29,884507000.0
2019-08-02,21192.75,21202.5,20960.09,21087.16,942983800.0
2019-08-01,21361.58,21556.69,21288.9,21540.99,780371800.0
2019-07-31,21526.38,21589.11,21476.07,21521.53,788832500.0
2019-07-30,21689.42,21792.98,21665.86,21709.31,562223700.0
2019-07-29,21627.55,21652.95,21518.7,21616.8,485154700.0
2019-07-26,21700.2,21708.79,21590.66,21658.15,490597200.0
2019-07-25,21715.95,21823.07,21715.95,21756.55,483832300.0
2019-07-24,21726.98,21744.88,21677.71,21709.57,526958200.0
2019-07-23,21425.44,21686.53,21411.93,21620.88,495761700.0
